<AdminDRConfig>
  <AdminConfig>
    <LanguageId>1</LanguageId>
    <Wifi_SSID>0</Wifi_SSID>
    <Wifi_PSK>aiminv2015</Wifi_PSK>
    <Wifi_Prefix>AIM</Wifi_Prefix>
    <Wifi_Postfix>INV</Wifi_Postfix>
    <Wifi1_SSID>
    </Wifi1_SSID>
    <Wifi1_PSK>
    </Wifi1_PSK>
    <Wifi1_Prefix>
    </Wifi1_Prefix>
    <Wifi1_Postfix>
    </Wifi1_Postfix>
    <FTP_Host>172.16.0.5</FTP_Host>
    <FTP_User>Aiminventory</FTP_User>
    <FTP_Pass>aiminv</FTP_Pass>
    <FTP1_Host>
    </FTP1_Host>
    <FTP1_User>
    </FTP1_User>
    <FTP1_Pass>
    </FTP1_Pass>
    <FTP_DrData>DRData</FTP_DrData>
    <FTP_DrConfigDir>DRConfig</FTP_DrConfigDir>
    <FTP_DrUpdateDir>UpdateDRFiles</FTP_DrUpdateDir>
    <FTP_BackupDir>Backup</FTP_BackupDir>
    <TimeSyncServer>172.16.0.5</TimeSyncServer>
    <ManualSync>1</ManualSync>
    <XNumSync>1</XNumSync>
    <XTimeSync>1000</XTimeSync>
  </AdminConfig>
</AdminDRConfig>