<BarcodePrefixDetails>
  <BarcodePrefixDetail>
    <PrefixsGroupId>1</PrefixsGroupId>
    <BarcodePrefix>C</BarcodePrefix>
    <BarcodeType>Code 25</BarcodeType>
  </BarcodePrefixDetail>
  <BarcodePrefixDetail>
    <PrefixsGroupId>1</PrefixsGroupId>
    <BarcodePrefix>B</BarcodePrefix>
    <BarcodeType>EAN 13</BarcodeType>
  </BarcodePrefixDetail>
  <BarcodePrefixDetail>
    <PrefixsGroupId>1</PrefixsGroupId>
    <BarcodePrefix>A</BarcodePrefix>
    <BarcodeType>UPC A</BarcodeType>
  </BarcodePrefixDetail>
  <BarcodePrefixDetail>
    <PrefixsGroupId>2</PrefixsGroupId>
    <BarcodePrefix>C</BarcodePrefix>
    <BarcodeType>EAN 13</BarcodeType>
  </BarcodePrefixDetail>
</BarcodePrefixDetails>