<BarcodePrefixHeads>
  <BarcodePrefixHead>
    <BarcodeMacId>58:51:00:00:16:C2</BarcodeMacId>
    <MacRegisteredId>1</MacRegisteredId>
    <PrefixsGroupId>1</PrefixsGroupId>
  </BarcodePrefixHead>
  <BarcodePrefixHead>
    <BarcodeMacId>2342342342</BarcodeMacId>
    <MacRegisteredId>2</MacRegisteredId>
    <PrefixsGroupId>1</PrefixsGroupId>
  </BarcodePrefixHead>
  <BarcodePrefixHead>
    <BarcodeMacId>DC:2C:26:01:67:D4</BarcodeMacId>
    <MacRegisteredId>3</MacRegisteredId>
    <PrefixsGroupId>1</PrefixsGroupId>
  </BarcodePrefixHead>
  <BarcodePrefixHead>
    <BarcodeMacId>DC:2C:26:01:69:A8</BarcodeMacId>
    <MacRegisteredId>4</MacRegisteredId>
    <PrefixsGroupId>1</PrefixsGroupId>
  </BarcodePrefixHead>
  <BarcodePrefixHead>
    <BarcodeMacId>DC:2C:26:01:64:D5</BarcodeMacId>
    <MacRegisteredId>5</MacRegisteredId>
    <PrefixsGroupId>1</PrefixsGroupId>
  </BarcodePrefixHead>
  <BarcodePrefixHead>
    <BarcodeMacId>DC:2C:26:01:69:C9</BarcodeMacId>
    <MacRegisteredId>6</MacRegisteredId>
    <PrefixsGroupId>1</PrefixsGroupId>
  </BarcodePrefixHead>
  <BarcodePrefixHead>
    <BarcodeMacId>DC:2C:26:01:69:AF</BarcodeMacId>
    <MacRegisteredId>7</MacRegisteredId>
    <PrefixsGroupId>1</PrefixsGroupId>
  </BarcodePrefixHead>
  <BarcodePrefixHead>
    <BarcodeMacId>DC:2C:26:01:68:B3</BarcodeMacId>
    <MacRegisteredId>8</MacRegisteredId>
    <PrefixsGroupId>1</PrefixsGroupId>
  </BarcodePrefixHead>
  <BarcodePrefixHead>
    <BarcodeMacId>DC:2C:26:01:68:AE</BarcodeMacId>
    <MacRegisteredId>9</MacRegisteredId>
    <PrefixsGroupId>1</PrefixsGroupId>
  </BarcodePrefixHead>
  <BarcodePrefixHead>
    <BarcodeMacId>DC:2C:26:01:68:61</BarcodeMacId>
    <MacRegisteredId>10</MacRegisteredId>
    <PrefixsGroupId>1</PrefixsGroupId>
  </BarcodePrefixHead>
  <BarcodePrefixHead>
    <BarcodeMacId>DC:2C:26:01:67:C4</BarcodeMacId>
    <MacRegisteredId>11</MacRegisteredId>
    <PrefixsGroupId>1</PrefixsGroupId>
  </BarcodePrefixHead>
  <BarcodePrefixHead>
    <BarcodeMacId>DC:2C:26:01:68:48</BarcodeMacId>
    <MacRegisteredId>12</MacRegisteredId>
    <PrefixsGroupId>1</PrefixsGroupId>
  </BarcodePrefixHead>
  <BarcodePrefixHead>
    <BarcodeMacId>DC:2C:26:01:64:DA</BarcodeMacId>
    <MacRegisteredId>13</MacRegisteredId>
    <PrefixsGroupId>1</PrefixsGroupId>
  </BarcodePrefixHead>
  <BarcodePrefixHead>
    <BarcodeMacId>DC:2C:26:01:69:53</BarcodeMacId>
    <MacRegisteredId>14</MacRegisteredId>
    <PrefixsGroupId>1</PrefixsGroupId>
  </BarcodePrefixHead>
  <BarcodePrefixHead>
    <BarcodeMacId>DC:2C:26:01:66:D8</BarcodeMacId>
    <MacRegisteredId>15</MacRegisteredId>
    <PrefixsGroupId>1</PrefixsGroupId>
  </BarcodePrefixHead>
  <BarcodePrefixHead>
    <BarcodeMacId>DC:2C:26:01:68:71</BarcodeMacId>
    <MacRegisteredId>16</MacRegisteredId>
    <PrefixsGroupId>1</PrefixsGroupId>
  </BarcodePrefixHead>
  <BarcodePrefixHead>
    <BarcodeMacId>DC:2C:26:01:69:B4</BarcodeMacId>
    <MacRegisteredId>17</MacRegisteredId>
    <PrefixsGroupId>1</PrefixsGroupId>
  </BarcodePrefixHead>
  <BarcodePrefixHead>
    <BarcodeMacId>DC:2C:26:01:64:7E</BarcodeMacId>
    <MacRegisteredId>18</MacRegisteredId>
    <PrefixsGroupId>1</PrefixsGroupId>
  </BarcodePrefixHead>
  <BarcodePrefixHead>
    <MacRegisteredId>19</MacRegisteredId>
    <PrefixsGroupId>1</PrefixsGroupId>
  </BarcodePrefixHead>
  <BarcodePrefixHead>
    <BarcodeMacId>DC:2C:26:01:64:4D</BarcodeMacId>
    <MacRegisteredId>20</MacRegisteredId>
    <PrefixsGroupId>1</PrefixsGroupId>
  </BarcodePrefixHead>
  <BarcodePrefixHead>
    <BarcodeMacId>DC:2C:26:01:68:FC</BarcodeMacId>
    <MacRegisteredId>21</MacRegisteredId>
    <PrefixsGroupId>1</PrefixsGroupId>
  </BarcodePrefixHead>
  <BarcodePrefixHead>
    <BarcodeMacId>DC:2C:26:01:68:3D</BarcodeMacId>
    <MacRegisteredId>22</MacRegisteredId>
    <PrefixsGroupId>1</PrefixsGroupId>
  </BarcodePrefixHead>
  <BarcodePrefixHead>
    <BarcodeMacId>DC:2C:26:01:64:BE</BarcodeMacId>
    <MacRegisteredId>23</MacRegisteredId>
    <PrefixsGroupId>1</PrefixsGroupId>
  </BarcodePrefixHead>
  <BarcodePrefixHead>
    <BarcodeMacId>DC:2C:26:01:68:84</BarcodeMacId>
    <MacRegisteredId>24</MacRegisteredId>
    <PrefixsGroupId>1</PrefixsGroupId>
  </BarcodePrefixHead>
  <BarcodePrefixHead>
    <BarcodeMacId>DC:2C:26:01:66:D6</BarcodeMacId>
    <MacRegisteredId>25</MacRegisteredId>
    <PrefixsGroupId>1</PrefixsGroupId>
  </BarcodePrefixHead>
  <BarcodePrefixHead>
    <BarcodeMacId>DC:2C:26:01:69:35</BarcodeMacId>
    <MacRegisteredId>26</MacRegisteredId>
    <PrefixsGroupId>1</PrefixsGroupId>
  </BarcodePrefixHead>
  <BarcodePrefixHead>
    <BarcodeMacId>DC:2C:26:01:68:F5</BarcodeMacId>
    <MacRegisteredId>27</MacRegisteredId>
    <PrefixsGroupId>1</PrefixsGroupId>
  </BarcodePrefixHead>
  <BarcodePrefixHead>
    <BarcodeMacId>test</BarcodeMacId>
    <MacRegisteredId>1</MacRegisteredId>
    <PrefixsGroupId>2</PrefixsGroupId>
  </BarcodePrefixHead>
</BarcodePrefixHeads>