<AIMConfigs>
  <Common>
    <ScheduleCode>a17e2d17-b56a-4813-b451-253898107824</ScheduleCode>
    <StoreName>Lotus CM</StoreName>
    <DownloadCode>B882AEBF</DownloadCode>
    <LoopBack>Data_Name</LoopBack>
  </Common>
  <Locations>
    <Location>
      <LocationID>35</LocationID>
      <InventoryID>29</InventoryID>
      <Description>Area Number</Description>
      <Fieldlength>4</Fieldlength>
      <ExactFieldLength>true</ExactFieldLength>
      <DoubleKey>true</DoubleKey>
      <Forced>False</Forced>
      <DbLookup>false</DbLookup>
    </Location>
  </Locations>
  <InventoryDatas>
    <InventoryData>
      <DataID>49</DataID>
      <InventoryID>29</InventoryID>
      <Description>Data</Description>
      <Fieldlength>25</Fieldlength>
      <ExactFieldLength>false</ExactFieldLength>
      <DoubleKey>false</DoubleKey>
      <Type>9F314DD0</Type>
      <BarCode>EAN 13,UPC A</BarCode>
      <Forced>False</Forced>
      <DbLookup>False</DbLookup>
    </InventoryData>
    <InventoryData>
      <DataID>50</DataID>
      <InventoryID>29</InventoryID>
      <Description>Name</Description>
      <Fieldlength>25</Fieldlength>
      <ExactFieldLength>false</ExactFieldLength>
      <DoubleKey>false</DoubleKey>
      <Type>9F314DD0</Type>
      <BarCode>EAN 13,UPC A</BarCode>
      <Forced>false</Forced>
      <DbLookup>false</DbLookup>
    </InventoryData>
    <InventoryData>
      <DataID>53</DataID>
      <InventoryID>29</InventoryID>
      <Description>Description</Description>
      <Fieldlength>10</Fieldlength>
      <ExactFieldLength>false</ExactFieldLength>
      <DoubleKey>true</DoubleKey>
      <Type>9F314DD0</Type>
      <Forced>true</Forced>
      <DbLookup>true</DbLookup>
    </InventoryData>
  </InventoryDatas>
  <Prices>
    <Price>
      <PriceID>32</PriceID>
      <InventoryID>29</InventoryID>
      <Description>ราคา</Description>
      <Fieldlength>10</Fieldlength>
      <ExactFieldLength>False</ExactFieldLength>
      <DoubleKey>false</DoubleKey>
      <Forced>false</Forced>
      <DbLookup>False</DbLookup>
    </Price>
  </Prices>
  <Qtys>
    <Qty>
      <QtyID>34</QtyID>
      <InventoryID>29</InventoryID>
      <Description>Quantity</Description>
      <Name>Qty ปริมาณ</Name>
      <Fieldlength>2</Fieldlength>
      <ExactFieldLength>false</ExactFieldLength>
      <Forced>false</Forced>
      <DbLookup>False</DbLookup>
      <Counteachpcs>False</Counteachpcs>
    </Qty>
  </Qtys>
</AIMConfigs>