<MacDRConfig>
  <MacConfig>
    <Mac_No>58:51:00:00:16:C2</Mac_No>
    <Mac_Value>1</Mac_Value>
    <BarcodeType>EAN 8</BarcodeType>
    <BarcodePrefix>C</BarcodePrefix>
  </MacConfig>
  <MacConfig>
    <Mac_No>58:51:00:00:16:C2</Mac_No>
    <Mac_Value>1</Mac_Value>
    <BarcodeType>Code 128</BarcodeType>
    <BarcodePrefix>G</BarcodePrefix>
  </MacConfig>
  <MacConfig>
    <Mac_No>2342342342</Mac_No>
    <Mac_Value>2</Mac_Value>
  </MacConfig>
  <MacConfig>
    <Mac_No>DC:2C:26:01:67:D4</Mac_No>
    <Mac_Value>3</Mac_Value>
  </MacConfig>
  <MacConfig>
    <Mac_No>DC:2C:26:01:69:A8</Mac_No>
    <Mac_Value>4</Mac_Value>
  </MacConfig>
  <MacConfig>
    <Mac_No>DC:2C:26:01:64:D5</Mac_No>
    <Mac_Value>5</Mac_Value>
  </MacConfig>
  <MacConfig>
    <Mac_No>DC:2C:26:01:69:C9</Mac_No>
    <Mac_Value>6</Mac_Value>
  </MacConfig>
  <MacConfig>
    <Mac_No>DC:2C:26:01:69:AF</Mac_No>
    <Mac_Value>7</Mac_Value>
  </MacConfig>
  <MacConfig>
    <Mac_No>DC:2C:26:01:68:B3</Mac_No>
    <Mac_Value>8</Mac_Value>
  </MacConfig>
  <MacConfig>
    <Mac_No>DC:2C:26:01:68:AE</Mac_No>
    <Mac_Value>9</Mac_Value>
  </MacConfig>
  <MacConfig>
    <Mac_No>DC:2C:26:01:68:61</Mac_No>
    <Mac_Value>10</Mac_Value>
  </MacConfig>
  <MacConfig>
    <Mac_No>DC:2C:26:01:67:C4</Mac_No>
    <Mac_Value>11</Mac_Value>
  </MacConfig>
  <MacConfig>
    <Mac_No>DC:2C:26:01:68:48</Mac_No>
    <Mac_Value>12</Mac_Value>
  </MacConfig>
  <MacConfig>
    <Mac_No>DC:2C:26:01:64:DA</Mac_No>
    <Mac_Value>13</Mac_Value>
  </MacConfig>
  <MacConfig>
    <Mac_No>DC:2C:26:01:69:53</Mac_No>
    <Mac_Value>14</Mac_Value>
  </MacConfig>
  <MacConfig>
    <Mac_No>DC:2C:26:01:66:D8</Mac_No>
    <Mac_Value>15</Mac_Value>
  </MacConfig>
  <MacConfig>
    <Mac_No>DC:2C:26:01:68:71</Mac_No>
    <Mac_Value>16</Mac_Value>
  </MacConfig>
  <MacConfig>
    <Mac_No>DC:2C:26:01:69:B4</Mac_No>
    <Mac_Value>17</Mac_Value>
  </MacConfig>
  <MacConfig>
    <Mac_No>DC:2C:26:01:64:7E</Mac_No>
    <Mac_Value>18</Mac_Value>
  </MacConfig>
  <MacConfig>
    <Mac_Value>19</Mac_Value>
  </MacConfig>
  <MacConfig>
    <Mac_No>DC:2C:26:01:64:4D</Mac_No>
    <Mac_Value>20</Mac_Value>
  </MacConfig>
  <MacConfig>
    <Mac_No>DC:2C:26:01:68:FC</Mac_No>
    <Mac_Value>21</Mac_Value>
  </MacConfig>
  <MacConfig>
    <Mac_No>DC:2C:26:01:68:3D</Mac_No>
    <Mac_Value>22</Mac_Value>
  </MacConfig>
  <MacConfig>
    <Mac_No>DC:2C:26:01:64:BE</Mac_No>
    <Mac_Value>23</Mac_Value>
  </MacConfig>
  <MacConfig>
    <Mac_No>DC:2C:26:01:68:84</Mac_No>
    <Mac_Value>24</Mac_Value>
  </MacConfig>
  <MacConfig>
    <Mac_No>DC:2C:26:01:66:D6</Mac_No>
    <Mac_Value>25</Mac_Value>
  </MacConfig>
  <MacConfig>
    <Mac_No>DC:2C:26:01:69:35</Mac_No>
    <Mac_Value>26</Mac_Value>
  </MacConfig>
  <MacConfig>
    <Mac_No>DC:2C:26:01:68:F5</Mac_No>
    <Mac_Value>27</Mac_Value>
  </MacConfig>
</MacDRConfig>